Feature,Coefficient
Intercept,-2.3185428679307217e-18
rank_diff,-0.2732606641080438
ace_diff,0.289735628023381
df_diff,-0.25082880788887124
svpt_diff,-0.3019246117335006
1stIn_diff,-0.03762453988566053
1stWon_diff,1.0457318558848339
2ndWon_diff,0.7292932004604568
SvGms_diff,0.32127207073859676
bpSaved_diff,-0.10175520777878226
bpFaced_diff,-0.919031254424204
age_diff,-0.0008145639600157203
surface_Grass,-6.72490111505587e-19
surface_Hard,6.126375183686935e-19
